gene	top_variant
ENSG00000100029	chr22_30597947_C_G
ENSG00000188846	chr3_40457354_C_T
ENSG00000137959	chr1_78626734_G_A
ENSG00000077348	chr19_41397315_G_A
ENSG00000156171	chr1_111139496_C_T
ENSG00000203875	chr6_85678170_G_T
ENSG00000108654	chr17_64506317_A_G
ENSG00000225138	chr5_477853_G_A
ENSG00000116459	chr1_111450602_C_T
ENSG00000168028	chr3_39407090_T_G
ENSG00000163468	chr1_156344356_A_G
ENSG00000125746	chr19_45641767_G_T
ENSG00000067334	chr1_93879160_C_T
ENSG00000151725	chr4_184734017_C_T
ENSG00000211455	chr12_27293597_GGGCCAGACCTTGCCGCTTGGCAGACCGAGC_G
ENSG00000169689	chr17_82022880_C_A
ENSG00000172757	chr11_65856268_A_G
ENSG00000064886	chr1_111229639_A_G
ENSG00000138398	chr2_169584491_G_A
ENSG00000180573	chr6_26124202_C_T
ENSG00000109971	chr11_123063042_C_A
ENSG00000149292	chr11_113316054_G_A
ENSG00000156261	chr21_29090450_A_G
ENSG00000132475	chr17_75779744_G_A
ENSG00000105355	chr19_4867638_T_G
ENSG00000243678	chr17_51166498_G_A
ENSG00000144579	chr2_218399384_G_A
ENSG00000170248	chr3_33839082_C_T
ENSG00000184009	chr17_81512599_G_A
ENSG00000171311	chr10_97445974_A_G
ENSG00000103811	chr15_78944982_C_A
ENSG00000145365	chr4_112282997_A_G
ENSG00000166839	chr15_64899197_T_C
ENSG00000124783	chr6_7314397_A_G
ENSG00000140988	chr16_1964423_C_G
ENSG00000204536	chr6_31161164_AAAAAG_A
ENSG00000173113	chr11_64317591_G_C
ENSG00000111674	chr12_6886522_A_C
ENSG00000135698	chr16_82170181_C_G
ENSG00000162734	chr1_160236604_G_A
ENSG00000057608	chr10_5813440_G_C
ENSG00000066427	chr14_92093967_A_G
ENSG00000198189	chr4_87391141_A_T
ENSG00000214078	chr20_35739683_T_TA
ENSG00000172349	chr15_81286877_A_G
ENSG00000172590	chr14_22829926_G_T
ENSG00000138386	chr2_190656119_C_A
ENSG00000154889	chr18_11905954_C_T
ENSG00000102575	chr19_11579096_G_A
ENSG00000109062	chr17_74748659_G_C
ENSG00000167552	chr12_49185913_C_G
ENSG00000089685	chr17_78214286_G_C
ENSG00000161981	chr16_53923_C_G
ENSG00000167615	chr19_54426292_A_G
ENSG00000163162	chr2_101260828_T_C
ENSG00000100365	chr22_36863231_C_T
ENSG00000101574	chr18_2571282_C_T
ENSG00000108557	chr17_17684081_A_G
ENSG00000131143	chr16_85801212_G_A
ENSG00000150433	chr11_125102795_T_C
ENSG00000109323	chr4_102753951_G_C
ENSG00000163565	chr1_159009132_T_G
ENSG00000124562	chr6_34785562_T_C
ENSG00000184281	chr11_2400804_T_A
ENSG00000124532	chr6_24418853_C_T
ENSG00000218510	chr1_22025547_G_T
ENSG00000121895	chr4_39021394_C_CA
ENSG00000105640	chr19_17857583_T_C
ENSG00000118503	chr6_137897421_C_T
ENSG00000117616	chr1_25257119_C_G
ENSG00000113558	chr5_134176914_G_T
ENSG00000204257	chr6_32968343_C_T
ENSG00000165637	chr10_75210855_G_C
ENSG00000134248	chr1_110407655_G_A
ENSG00000014216	chr11_65179808_A_C
ENSG00000164587	chr5_150452023_GC_G
ENSG00000177697	chr11_833262_T_G
ENSG00000163687	chr3_58202536_G_A
ENSG00000164305	chr4_184649521_G_C
ENSG00000115446	chr2_98596617_C_T
ENSG00000158805	chr16_89788421_C_G
ENSG00000087206	chr5_176908230_T_C
ENSG00000013573	chr12_31093817_A_T
ENSG00000169490	chr8_38998328_T_C
ENSG00000178921	chr17_8247860_G_A
ENSG00000164308	chr5_96916728_G_A
ENSG00000130770	chr1_28246782_G_GA
ENSG00000160410	chr19_40576636_GC_G
ENSG00000013364	chr16_29820486_G_GT
ENSG00000174996	chr11_66246829_C_T
ENSG00000132199	chr18_703442_G_A
ENSG00000065809	chr10_14578926_G_C
ENSG00000175575	chr11_73900304_G_C
ENSG00000168958	chr2_227328169_G_A
ENSG00000198522	chr2_27629051_G_A
ENSG00000070669	chr7_97866867_G_T
ENSG00000169136	chr19_49929735_G_A
ENSG00000137806	chr15_41402441_G_A
ENSG00000072682	chr5_132228943_C_T
ENSG00000204628	chr5_181249324_G_C
ENSG00000093009	chr22_19504386_G_A
ENSG00000143314	chr1_156741025_G_T
ENSG00000145386	chr4_121823883_C_T
ENSG00000205531	chr11_2935717_G_C
ENSG00000073605	chr17_39892980_T_C
ENSG00000172732	chr11_65856268_A_G
ENSG00000181458	chr3_100494067_A_G
ENSG00000104518	chr8_143560999_C_T
ENSG00000265681	chr18_49491828_T_G
ENSG00000205643	chr22_46226991_C_T
ENSG00000249096	chr4_184367586_G_A
ENSG00000023191	chr11_505006_G_C
ENSG00000143570	chr1_153963067_G_A
ENSG00000213625	chr1_65420528_G_C
ENSG00000175221	chr19_893183_C_T
ENSG00000138686	chr4_121870446_G_C
ENSG00000166199	chr11_43881131_G_T
ENSG00000067057	chr10_3105326_G_C
ENSG00000139190	chr12_6455785_C_CAG
ENSG00000110172	chr11_90223038_G_A
ENSG00000162704	chr1_183599163_A_G
ENSG00000245060	chr5_180829591_A_G
ENSG00000172638	chr11_65873562_G_C
ENSG00000204438	chr6_31663054_C_G
ENSG00000103326	chr16_536144_T_C
ENSG00000185359	chr17_81682485_G_A
ENSG00000146574	chr7_6823047_T_C
ENSG00000127022	chr5_179695773_C_T
ENSG00000149591	chr11_117205992_T_C
ENSG00000134690	chr1_37692539_C_T
ENSG00000198040	chr12_133120157_G_GAAC
ENSG00000198805	chr14_20472447_G_A
ENSG00000076662	chr19_10339609_G_A
ENSG00000113368	chr5_126828044_T_A
ENSG00000131051	chr20_35639102_AAC_A
ENSG00000176731	chr8_85219234_A_T
ENSG00000111850	chr6_87253082_C_CT
ENSG00000167720	chr17_2304131_C_T
ENSG00000123815	chr19_40714624_C_T
ENSG00000104980	chr19_7948794_A_G
ENSG00000153048	chr16_8860201_C_A
ENSG00000131626	chr11_70369949_CT_C
ENSG00000122986	chr12_110666389_C_G
ENSG00000114126	chr3_142032963_T_A
ENSG00000176915	chr12_132626613_CCT_C
ENSG00000176209	chr8_42533957_T_TTCTCCCTC
ENSG00000065268	chr19_990394_T_C
ENSG00000188732	chr7_23680160_G_A
ENSG00000149273	chr11_75422721_G_A
ENSG00000185745	chr10_89377764_C_T
ENSG00000144381	chr2_197387802_GC_G
ENSG00000269893	chr4_118304785_C_T
ENSG00000010803	chr1_41241439_A_G
ENSG00000124508	chr6_26383022_A_T
ENSG00000197728	chr12_56007301_G_A
ENSG00000159579	chr16_57186833_G_A
ENSG00000146733	chr7_55852139_CA_C
ENSG00000160991	chr7_102436115_G_A
ENSG00000137731	chr11_117828662_C_T
ENSG00000073050	chr19_43550284_TA_T
ENSG00000113387	chr5_32545683_T_C
ENSG00000188313	chr3_146544557_C_T
ENSG00000108953	chr17_1400164_C_G
ENSG00000144713	chr3_12841494_C_T
ENSG00000150991	chr12_124914587_C_T
ENSG00000129657	chr17_77088953_G_A
ENSG00000118181	chr11_119017909_A_G
ENSG00000117410	chr1_43975097_G_C
ENSG00000124733	chr6_43013895_C_A
ENSG00000185324	chr16_89686659_GGGCCGTCCGCGTCTGCGCCTGCGCGCAAGAGA_G
ENSG00000144741	chr3_66236632_G_A
ENSG00000103365	chr16_23578665_A_G
ENSG00000149231	chr11_96388691_C_T
ENSG00000241106	chr6_32829016_G_A
ENSG00000215252	chr15_34634126_G_A
ENSG00000247982	chr15_57302735_A_T
ENSG00000136718	chr2_130346951_G_A
ENSG00000130348	chr6_106629627_G_A
ENSG00000128563	chr7_102423594_C_T
ENSG00000266472	chr1_150417172_AT_A
ENSG00000204475	chr6_31592788_C_T
ENSG00000163872	chr3_183804443_A_G
ENSG00000147684	chr8_124457687_GT_G
ENSG00000182372	chr8_1763883_C_T
ENSG00000221983	chr19_18572535_A_G
ENSG00000081665	chr19_19799849_AAGAC_A
ENSG00000104490	chr8_101976496_A_G
ENSG00000114850	chr3_156554137_C_T
ENSG00000162910	chr1_228109044_C_T
ENSG00000161513	chr17_74867383_A_G
ENSG00000125450	chr17_75223549_G_A
ENSG00000213246	chr17_58351733_A_G
ENSG00000156482	chr8_98045827_T_G
ENSG00000197043	chr5_151155701_C_T
ENSG00000150637	chr18_70040053_A_AAAG
ENSG00000075651	chr3_171759801_T_C
ENSG00000149480	chr11_62551184_C_T
ENSG00000105928	chr7_24755400_G_C
ENSG00000008988	chr8_56091497_C_T
ENSG00000115762	chr2_131097658_C_T
ENSG00000094916	chr12_54257687_A_G
ENSG00000178149	chr3_49069109_T_TA
ENSG00000161010	chr5_179837731_T_C
ENSG00000040275	chr5_169516493_A_C
ENSG00000164924	chr8_100950496_C_T
ENSG00000106355	chr7_32490493_G_C
ENSG00000117448	chr1_45485897_T_TA
ENSG00000143851	chr1_202160068_T_C
ENSG00000173226	chr3_121809539_G_A
ENSG00000178295	chr2_17753771_T_C
ENSG00000196756	chr20_38439516_T_A
ENSG00000105821	chr7_103344764_C_G
ENSG00000196182	chr1_36362569_T_G
ENSG00000242550	chr18_63921403_G_C
ENSG00000137411	chr6_30912304_A_T
ENSG00000010292	chr12_6493347_T_C
ENSG00000162086	chr16_3295558_G_GGCCGAGCGAGGCGATGGGAGA
ENSG00000263753	chr18_5282443_C_T
ENSG00000166986	chr12_57476680_AG_A
ENSG00000129625	chr5_112922211_T_C
ENSG00000129197	chr17_5419805_C_A
ENSG00000134419	chr16_18790261_C_T
ENSG00000134809	chr11_57533539_C_T
ENSG00000160194	chr21_42809772_TACATACACACATGC_T
ENSG00000146112	chr6_30654110_A_ACT
ENSG00000108448	chr17_18699163_A_G
ENSG00000105483	chr19_48242034_C_T
ENSG00000169251	chr3_161221353_C_T
ENSG00000109536	chr4_189969090_T_C
ENSG00000122674	chr7_5910095_T_C
ENSG00000186470	chr6_26342829_C_G
ENSG00000156398	chr10_102727625_C_T
ENSG00000204531	chr6_31179856_C_T
ENSG00000204954	chr12_103957178_G_T
ENSG00000161547	chr17_76737321_G_A
ENSG00000111596	chr12_70198588_G_A
ENSG00000072609	chr12_132942252_G_A
ENSG00000130165	chr19_11559417_G_A
ENSG00000165025	chr9_90801885_C_T
ENSG00000169045	chr5_179633994_A_G
ENSG00000205464	chr5_82286155_GA_G
ENSG00000100714	chr14_64388323_T_C
ENSG00000140043	chr14_73972679_TA_T
ENSG00000164172	chr5_53108482_C_T
ENSG00000077549	chr1_19485158_C_A
ENSG00000132436	chr7_50417375_T_C
ENSG00000170291	chr17_7231446_CAAA_C
ENSG00000177576	chr18_49487209_G_A
ENSG00000129347	chr19_10566005_T_C
ENSG00000180198	chr1_28503646_T_A
ENSG00000145833	chr5_134850683_G_T
ENSG00000130414	chr2_240025297_G_C
ENSG00000143947	chr2_55232359_TC_T
ENSG00000106692	chr9_105647119_A_C
ENSG00000243710	chr1_43132487_C_T
ENSG00000143183	chr1_165717968_G_A
ENSG00000104341	chr8_97776033_G_T
ENSG00000117877	chr19_45417538_C_T
ENSG00000117748	chr1_27914572_G_A
ENSG00000172671	chr10_45622095_A_G
ENSG00000115539	chr2_100563496_C_T
ENSG00000073578	chr5_236645_C_A
ENSG00000073584	chr17_40648309_A_C
ENSG00000070718	chr8_42153821_A_G
ENSG00000108523	chr17_4940045_C_G
ENSG00000196405	chr14_100065147_G_T
ENSG00000173457	chr11_64242613_A_G
ENSG00000196498	chr12_124495243_T_G
ENSG00000164949	chr8_94262129_T_C
ENSG00000106603	chr7_43817087_G_A
ENSG00000105750	chr19_20923456_G_T
ENSG00000152926	chr7_65162298_CT_C
ENSG00000103496	chr16_31006233_T_C
ENSG00000256053	chr14_103525759_C_G
ENSG00000149474	chr20_18136311_T_A
ENSG00000119673	chr14_73610290_C_CT
ENSG00000165119	chr9_83866958_C_A
ENSG00000168653	chr1_39059752_C_A
ENSG00000085998	chr1_46204534_TC_T
ENSG00000112110	chr6_159790007_C_T
ENSG00000088986	chr12_120593754_A_G
ENSG00000050130	chr14_59489189_TTAAGTA_T
ENSG00000112972	chr5_43316412_C_T
ENSG00000108771	chr17_42112643_C_G
ENSG00000104972	chr19_54625389_G_T
ENSG00000160216	chr21_43924253_C_T
ENSG00000104731	chr16_87730661_A_T
ENSG00000100099	chr22_26529534_A_G
ENSG00000159210	chr17_48888124_C_CA
ENSG00000133056	chr1_204490658_T_C
ENSG00000167671	chr19_4459788_A_G
ENSG00000157326	chr14_23991925_G_A
ENSG00000255717	chr11_62793082_CTTTT_C
ENSG00000213983	chr14_23562756_AAGAG_A
ENSG00000084070	chr1_40391858_A_C
ENSG00000106263	chr7_2386650_T_G
ENSG00000072134	chr17_19287629_G_A
ENSG00000110074	chr11_126269205_T_C
ENSG00000110717	chr11_68021094_T_G
ENSG00000153130	chr4_140431788_G_A
ENSG00000068745	chr3_48694528_A_G
ENSG00000183011	chr17_7879644_CA_C
ENSG00000110060	chr11_125886663_A_G
ENSG00000120725	chr5_139123013_ATAGT_A
ENSG00000151135	chr12_106917371_CAA_C
ENSG00000086504	chr16_377013_G_C
ENSG00000160221	chr21_44088801_G_A
ENSG00000107404	chr1_1349110_G_A
ENSG00000087087	chr7_100875204_C_T
ENSG00000132676	chr1_155688294_T_C
ENSG00000168310	chr4_184475241_G_A
ENSG00000139370	chr12_128809707_G_C
ENSG00000204428	chr6_31691954_T_G
ENSG00000079974	chr22_50777721_C_A
ENSG00000169567	chr5_131100979_C_CAA
ENSG00000112305	chr6_70662988_C_G
ENSG00000010270	chr7_38226147_A_T
ENSG00000093000	chr22_45183850_C_A
ENSG00000108107	chr19_55385959_A_G
ENSG00000100911	chr14_24146226_T_C
ENSG00000169499	chr8_38902074_G_C
ENSG00000166401	chr18_63964098_G_C
ENSG00000010165	chr1_171781437_T_C
ENSG00000131748	chr17_39653965_C_G
ENSG00000172890	chr11_71471133_G_A
ENSG00000112992	chr5_43602611_T_C
ENSG00000197345	chr11_68869168_A_AAG
ENSG00000106052	chr7_27662771_C_A
ENSG00000065427	chr16_75668149_G_C
ENSG00000182551	chr2_3500180_A_G
ENSG00000161996	chr16_648590_A_G
ENSG00000146094	chr5_177510338_A_T
ENSG00000204642	chr6_29729740_A_G
ENSG00000185215	chr14_103124435_G_A
ENSG00000163040	chr2_131517823_T_C
ENSG00000123600	chr2_171374468_G_A
ENSG00000008128	chr1_1689221_G_A
ENSG00000104983	chr19_45997477_A_G
ENSG00000153107	chr2_111884332_C_T
ENSG00000197860	chr5_65716808_A_C
ENSG00000178802	chr15_74941915_T_C
ENSG00000060762	chr6_166364175_C_CAAAAA
ENSG00000003402	chr2_201129817_C_T
ENSG00000113643	chr5_168485017_G_A
ENSG00000158769	chr1_161021088_C_T
ENSG00000144134	chr2_113636997_T_A
ENSG00000060491	chr20_62812284_G_A
ENSG00000063241	chr19_55455604_C_T
ENSG00000104921	chr19_7699550_G_T
ENSG00000186132	chr2_119346198_A_G
ENSG00000100575	chr14_58528785_A_T
ENSG00000198604	chr14_34887780_A_G
ENSG00000131323	chr14_102777119_G_GGCGGGGAC
ENSG00000007129	chr19_41571242_A_AGAATC
ENSG00000060642	chr1_26797373_G_A
ENSG00000266173	chr17_63729810_CA_C
ENSG00000048162	chr5_176386030_A_G
ENSG00000181029	chr19_7679991_T_A
ENSG00000142330	chr2_240600693_A_G
ENSG00000134864	chr13_100537450_C_T
ENSG00000070831	chr1_22025454_G_T
ENSG00000138326	chr10_78038555_A_T
ENSG00000165209	chr9_123236838_G_A
ENSG00000107798	chr10_89427085_A_G
ENSG00000175348	chr11_8962000_A_G
ENSG00000204673	chr19_49899562_G_T
ENSG00000166337	chr11_6614875_T_A
ENSG00000090447	chr16_4177532_C_T
ENSG00000111335	chr12_112974001_G_A
ENSG00000172661	chr10_45656501_C_CAA
ENSG00000091651	chr16_46614446_G_A
ENSG00000100151	chr22_38055546_A_G
ENSG00000110700	chr11_17077666_G_A
ENSG00000183255	chr21_44867640_T_C
ENSG00000164941	chr8_94874997_G_C
ENSG00000272391	chr7_75415185_G_A
ENSG00000154305	chr1_222686148_G_A
ENSG00000117640	chr1_25916957_C_G
ENSG00000198721	chr6_4135894_C_CG
ENSG00000130921	chr12_123284378_G_GTTTGT
ENSG00000111481	chr12_54340505_A_G
ENSG00000149054	chr11_6921245_C_A
ENSG00000166451	chr16_80925331_T_C
ENSG00000100325	chr22_29824201_G_A
ENSG00000177951	chr11_223733_T_A
ENSG00000142002	chr19_4717175_G_A
ENSG00000145425	chr4_151099625_C_T
ENSG00000149428	chr11_119057196_C_G
ENSG00000204264	chr6_32843868_A_G
ENSG00000147439	chr8_22669096_G_A
ENSG00000106605	chr7_43580584_G_C
ENSG00000090661	chr19_8241796_C_T
ENSG00000204859	chr1_6580056_A_G
ENSG00000168374	chr3_57555006_G_T
ENSG00000164733	chr8_11847630_C_T
ENSG00000172113	chr3_48290261_A_T
ENSG00000179750	chr22_38962032_A_C
ENSG00000100298	chr22_39100658_A_G
ENSG00000180712	chr4_184337553_C_A
ENSG00000187608	chr1_1005808_G_A
ENSG00000135945	chr2_99367431_C_CT
ENSG00000134574	chr11_47196332_A_C
ENSG00000110958	chr12_56688274_G_A
ENSG00000206344	chr6_31192820_TTATTTA_T
ENSG00000162971	chr2_200132253_T_C
ENSG00000126247	chr19_36140684_CAT_C
ENSG00000130779	chr12_122408945_A_G
ENSG00000139278	chr12_75483524_A_G
ENSG00000185627	chr11_206089_G_A
ENSG00000108786	chr17_42589106_C_CA
ENSG00000102445	chr13_46427228_C_T
ENSG00000105701	chr19_18543175_C_T
ENSG00000143554	chr1_153740315_G_A
ENSG00000156603	chr11_57773648_T_A
ENSG00000132780	chr1_45593855_CA_C
ENSG00000100242	chr22_38806991_C_T
ENSG00000042088	chr14_89936026_A_C
ENSG00000126746	chr12_6689466_A_C
ENSG00000145685	chr5_78619954_C_T
ENSG00000107643	chr10_48446299_C_T
ENSG00000163161	chr2_127354614_C_T
ENSG00000154473	chr10_123154480_C_T
ENSG00000095539	chr10_101005064_C_T
ENSG00000022976	chr14_102308613_A_T
ENSG00000141543	chr17_80128718_C_T
ENSG00000122515	chr7_44898806_AT_A
ENSG00000118246	chr2_206713279_A_C
ENSG00000175220	chr11_46697113_T_C
ENSG00000134014	chr8_28093153_C_T
ENSG00000157216	chr1_54413998_A_C
ENSG00000168411	chr16_74660160_T_G
ENSG00000182919	chr11_93781667_AAAAAC_A
ENSG00000168439	chr11_64145264_A_G
ENSG00000128928	chr15_40429740_A_G
ENSG00000131149	chr16_85220616_CCTGCCCGCTG_C
ENSG00000143811	chr1_225924245_T_C
ENSG00000088038	chr19_54157821_G_A
ENSG00000062598	chr20_46426422_G_T
ENSG00000103150	chr16_83907425_A_G
ENSG00000174989	chr12_116922874_T_G
ENSG00000075415	chr12_98593667_G_A
ENSG00000188227	chr19_37517333_G_A
ENSG00000197943	chr16_81739398_G_A
ENSG00000137413	chr6_42050902_T_G
ENSG00000198466	chr19_57796474_C_CTT
ENSG00000170917	chr4_122878170_A_G
ENSG00000053900	chr4_25407102_A_G
ENSG00000198920	chr17_6654816_A_C
ENSG00000092010	chr14_24133954_A_G
ENSG00000242086	chr3_195750536_G_A
ENSG00000213782	chr12_12783197_C_T
ENSG00000125910	chr19_3176077_C_CA
ENSG00000104763	chr8_18067340_C_T
ENSG00000214063	chr11_838842_C_G
ENSG00000100106	chr22_37704410_A_T
ENSG00000156508	chr6_73462863_G_A
ENSG00000161265	chr19_35742569_G_A
ENSG00000198826	chr15_32618281_G_GA
ENSG00000013374	chr7_151341872_T_C
ENSG00000175224	chr11_46580054_C_T
ENSG00000176393	chr1_201980760_C_T
ENSG00000159496	chr22_23659650_T_G
ENSG00000075239	chr11_108118517_G_T
ENSG00000109736	chr4_2885648_T_C
ENSG00000043462	chr5_170297763_G_C
ENSG00000113312	chr5_160009597_C_CATAA
ENSG00000093010	chr22_19960814_T_C
ENSG00000160310	chr21_46635690_G_T
ENSG00000168297	chr3_58224227_A_G
ENSG00000019582	chr5_150412774_C_T
ENSG00000054967	chr11_73392575_G_A
ENSG00000179361	chr15_74498201_G_A
ENSG00000198874	chr7_67139326_A_C
ENSG00000134440	chr18_57617100_G_A
ENSG00000133466	chr22_37182812_C_T
ENSG00000072778	chr17_7213534_C_A
ENSG00000154760	chr17_35445639_G_T
ENSG00000006282	chr17_50548182_G_A
ENSG00000149084	chr11_43680234_C_T
ENSG00000086475	chr10_13341212_C_T
ENSG00000278195	chr22_37184098_T_C
ENSG00000158234	chr3_138623320_T_G
ENSG00000049245	chr1_7866875_C_T
ENSG00000137310	chr6_31155582_C_G
ENSG00000159111	chr17_47811983_G_A
ENSG00000155366	chr1_112701811_T_C
ENSG00000163714	chr3_142991950_T_C
ENSG00000093167	chr3_37215751_A_G
ENSG00000262454	chr16_14300094_A_G
ENSG00000153879	chr19_33374012_C_G
ENSG00000065457	chr16_75570027_T_G
ENSG00000169926	chr15_31368596_G_T
ENSG00000113648	chr5_135406545_C_T
ENSG00000140553	chr15_90955016_A_C
ENSG00000083838	chr19_58405899_T_C
ENSG00000216490	chr19_18173526_A_G
ENSG00000089127	chr12_112923638_G_A
ENSG00000155368	chr2_119392209_G_C
ENSG00000136541	chr2_157168140_T_C
ENSG00000135317	chr6_85437708_T_G
ENSG00000025293	chr20_35619975_C_T
ENSG00000188312	chr9_92521605_A_G
ENSG00000213672	chr3_48685869_G_C
ENSG00000177106	chr11_707025_G_A
ENSG00000142396	chr19_58306093_A_G
ENSG00000170802	chr2_48346756_G_C
ENSG00000125611	chr2_112579776_A_G
ENSG00000168067	chr11_64949161_TA_T
ENSG00000134330	chr2_9515479_G_A
ENSG00000100416	chr22_46335894_G_A
ENSG00000134504	chr18_26559729_G_A
ENSG00000197142	chr10_112359218_A_G
ENSG00000099968	chr22_17589173_GT_G
ENSG00000005194	chr16_57490464_A_G
ENSG00000160294	chr21_46279285_CA_C
ENSG00000122299	chr16_11789517_G_A
ENSG00000057252	chr1_179330012_C_T
ENSG00000148429	chr10_11624985_C_CA
ENSG00000177646	chr3_128930522_A_AGGTG
ENSG00000174851	chr11_66293067_G_T
ENSG00000111731	chr12_22532330_C_CAA
ENSG00000239713	chr22_39098915_G_A
ENSG00000189042	chr19_36689395_A_G
ENSG00000139746	chr13_79411930_C_T
ENSG00000165233	chr9_93100259_G_A
ENSG00000089157	chr12_120162368_T_C
ENSG00000049860	chr5_74492756_A_T
ENSG00000198818	chr6_166320677_ATT_A
ENSG00000168234	chr18_24039949_A_G
ENSG00000136878	chr9_129833015_G_A
ENSG00000178927	chr17_82466510_T_G
ENSG00000140545	chr15_88940652_CTT_C
ENSG00000137106	chr9_37422524_CA_C
ENSG00000198216	chr1_181426751_G_A
ENSG00000104774	chr19_12661009_A_G
ENSG00000167840	chr17_5095912_G_T
ENSG00000097007	chr9_130868267_G_A
ENSG00000187607	chr17_15697451_G_A
ENSG00000157014	chr3_10259616_A_G
ENSG00000100764	chr14_90261284_T_C
ENSG00000137103	chr9_35830655_G_GT
ENSG00000196419	chr22_41566630_CA_C
ENSG00000042493	chr2_85416026_C_T
ENSG00000197885	chr3_23931229_G_C
ENSG00000250571	chr8_143273851_GGGTGGCACAGCACTGAGGGGGCAGGTGAGGCACCAA_G
ENSG00000238227	chr9_136118231_CG_C
ENSG00000184014	chr11_9115069_T_C
ENSG00000205707	chr12_25202389_TGAG_T
ENSG00000125912	chr19_3185831_G_A
ENSG00000184227	chr14_73570903_TAA_T
ENSG00000090520	chr3_186635071_G_C
ENSG00000104946	chr19_49899562_G_T
ENSG00000157020	chr3_10320608_T_C
ENSG00000065882	chr4_37882218_G_A
ENSG00000110871	chr12_120521072_T_G
ENSG00000112697	chr6_75283307_ATG_A
ENSG00000109572	chr4_169700081_C_T
ENSG00000177556	chr5_151753869_C_T
ENSG00000145979	chr6_13321624_T_C
ENSG00000105993	chr7_157335725_C_T
ENSG00000116044	chr2_177481926_GCCATTATTCC_G
ENSG00000105856	chr7_107193992_A_G
ENSG00000029364	chr14_69497909_T_C
ENSG00000089006	chr20_17931986_C_T
ENSG00000103202	chr16_398561_A_T
ENSG00000088833	chr20_1467930_A_G
ENSG00000196313	chr7_72891942_A_G
ENSG00000142227	chr19_48325971_T_C
ENSG00000164751	chr8_77073100_A_G
ENSG00000172366	chr16_492536_G_A
ENSG00000120686	chr13_38303169_C_T
ENSG00000103510	chr16_31142825_G_A
ENSG00000121577	chr3_119659526_G_A
ENSG00000056558	chr9_120887653_G_C
ENSG00000171121	chr3_179209002_A_ATATATATT
ENSG00000243317	chr7_135785907_T_C
ENSG00000171649	chr19_57771300_GAA_G
ENSG00000134955	chr11_125063327_GCCT_G
ENSG00000106009	chr7_2554704_C_T
ENSG00000103024	chr16_1678587_G_T
ENSG00000106484	chr7_130296938_T_C
ENSG00000163938	chr3_52550415_T_TCTC
ENSG00000174282	chr17_7506266_CATAA_C
ENSG00000189091	chr16_70584387_T_C
ENSG00000196954	chr11_104968918_C_G
ENSG00000136870	chr9_101254395_G_A
ENSG00000167272	chr12_120562271_C_T
ENSG00000270164	chr19_41532109_A_T
ENSG00000067533	chr1_218262651_C_T
ENSG00000124762	chr6_36677919_A_G
ENSG00000115866	chr2_135946844_C_G
ENSG00000110768	chr11_18335633_A_G
ENSG00000136631	chr1_150160129_G_A
ENSG00000198468	chr1_212811647_C_T
ENSG00000123607	chr2_165861867_T_C
ENSG00000100311	chr22_39240925_A_G
ENSG00000075826	chr10_100503434_CT_C
ENSG00000198420	chr7_143789476_G_C
ENSG00000119650	chr14_75902201_T_C
ENSG00000129925	chr16_368462_C_G
ENSG00000188603	chr16_28505984_TG_T
ENSG00000197930	chr14_52648185_AT_A
ENSG00000183309	chr8_143636398_G_C
ENSG00000176142	chr3_119478906_G_A
ENSG00000164754	chr8_116842753_C_G
ENSG00000118096	chr11_118378271_AG_A
ENSG00000091947	chr17_44023836_T_TCA
ENSG00000169609	chr15_82962471_C_G
ENSG00000163875	chr1_37473516_A_G
ENSG00000127507	chr19_14775061_G_A
ENSG00000172819	chr12_53231170_C_G
ENSG00000109390	chr4_139301326_T_C
ENSG00000070476	chr3_126479806_T_C
ENSG00000122390	chr16_3465266_CA_C
ENSG00000116922	chr1_37705035_G_A
ENSG00000133460	chr22_23857127_G_T
ENSG00000130640	chr10_133292001_A_G
ENSG00000167842	chr17_5501180_G_A
ENSG00000051108	chr16_56942832_G_A
ENSG00000234616	chr8_142527074_C_G
ENSG00000103199	chr16_4766101_T_C
ENSG00000185088	chr15_63157578_G_A
ENSG00000156273	chr21_29380234_A_G
ENSG00000125458	chr17_75115516_T_A
ENSG00000099290	chr10_50077109_T_TC
ENSG00000137337	chr6_30674699_C_T
ENSG00000139192	chr12_6453119_C_T
ENSG00000075568	chr2_97825739_G_A
ENSG00000188157	chr1_1054120_G_A
ENSG00000091409	chr2_172246280_AAAAAAGTATTAT_A
ENSG00000002549	chr4_17648519_AT_A
ENSG00000166704	chr19_58016935_A_G
ENSG00000204147	chr10_50761886_A_C
ENSG00000173065	chr17_29013324_C_T
ENSG00000256124	chr17_71857777_G_A
ENSG00000104979	chr19_13777249_CT_C
ENSG00000044115	chr5_138778160_A_AT
ENSG00000198690	chr15_30893414_G_A
ENSG00000118680	chr18_3267810_T_C
ENSG00000185591	chr12_53380995_A_G
ENSG00000184470	chr22_19892114_A_G
ENSG00000131370	chr3_15359078_A_T
ENSG00000163374	chr1_155700514_TG_T
ENSG00000167508	chr16_88722791_G_A
ENSG00000138785	chr4_105743032_C_T
ENSG00000080819	chr3_98622041_CTTT_C
ENSG00000105486	chr19_48272015_C_G
ENSG00000112941	chr5_6728227_A_G
ENSG00000138674	chr4_82901181_G_A
ENSG00000157456	chr15_59213633_A_AT
ENSG00000134265	chr18_10526190_A_G
ENSG00000115216	chr2_27304378_T_A
ENSG00000196081	chr19_23270886_A_G
ENSG00000100823	chr14_20455257_C_T
ENSG00000158006	chr1_25962931_C_A
ENSG00000100239	chr22_50397547_A_AG
ENSG00000105738	chr19_38093247_C_T
ENSG00000148606	chr10_78154573_T_G
ENSG00000168061	chr11_65047341_T_G
ENSG00000111275	chr12_111914629_AT_A
ENSG00000007923	chr1_6813872_T_C
ENSG00000158987	chr5_131561116_T_TA
ENSG00000163527	chr3_31414723_C_A
ENSG00000100219	chr22_28845574_G_C
ENSG00000181038	chr17_76599498_T_G
ENSG00000234608	chr12_111741667_T_C
ENSG00000164654	chr7_7496551_CT_C
ENSG00000138621	chr15_75100124_CT_C
ENSG00000197122	chr20_37344696_G_A
ENSG00000141985	chr19_4532417_C_T
ENSG00000136235	chr7_23396414_T_TAC
ENSG00000100918	chr14_24178316_G_T
ENSG00000113971	chr3_132836969_T_C
ENSG00000115084	chr2_113705550_T_TA
ENSG00000183207	chr19_49001201_G_A
ENSG00000196670	chr5_180852748_C_T
ENSG00000117620	chr1_100113379_C_T
ENSG00000198492	chr1_28847055_G_T
ENSG00000137713	chr11_111671964_G_A
ENSG00000138036	chr2_43785105_T_C
ENSG00000125630	chr2_112539230_T_A
ENSG00000140319	chr15_40083946_A_G
ENSG00000253522	chr5_160463878_C_T
ENSG00000178202	chr11_108498446_G_A
ENSG00000141480	chr17_4555303_G_C
ENSG00000148396	chr9_136408817_G_A
