gene	top_variant
ENSG00000188511	chr22_49657211_G_A
ENSG00000137959	chr1_78626734_G_A
ENSG00000188846	chr3_40457354_C_T
ENSG00000100029	chr22_30597947_C_G
ENSG00000156171	chr1_111139496_C_T
ENSG00000203875	chr6_85678170_G_T
ENSG00000077348	chr19_41397315_G_A
ENSG00000130592	chr11_1853174_C_T
ENSG00000067334	chr1_93899003_T_A
ENSG00000164587	chr5_150449509_GA_G
ENSG00000125746	chr19_45641767_G_T
ENSG00000064886	chr1_111229639_A_G
ENSG00000172757	chr11_65856268_A_G
ENSG00000163468	chr1_156344356_A_G
ENSG00000243678	chr17_51166498_G_A
ENSG00000180573	chr6_26124202_C_T
ENSG00000167615	chr19_54451197_G_A
ENSG00000168028	chr3_39407090_T_G
ENSG00000149292	chr11_113316054_G_A
ENSG00000211455	chr12_27293597_GGGCCAGACCTTGCCGCTTGGCAGACCGAGC_G
ENSG00000138398	chr2_169584491_G_A
ENSG00000134184	chr1_109687165_C_T
ENSG00000108654	chr17_64506317_A_G
ENSG00000176681	chr17_46260063_G_C
ENSG00000151725	chr4_184734017_C_T
ENSG00000145365	chr4_112282997_A_G
ENSG00000182534	chr17_76710351_G_A
ENSG00000144579	chr2_218399384_G_A
ENSG00000166839	chr15_64899197_T_C
ENSG00000170248	chr3_33839082_C_T
ENSG00000204536	chr6_31161164_AAAAAG_A
ENSG00000124614	chr6_34421437_AC_A
ENSG00000135698	chr16_82170181_C_G
ENSG00000124783	chr6_7322547_A_C
ENSG00000103811	chr15_78944982_C_A
ENSG00000156261	chr21_29090450_A_G
ENSG00000138386	chr2_190656119_C_A
ENSG00000066427	chr14_92093967_A_G
ENSG00000198189	chr4_87391141_A_T
ENSG00000172349	chr15_81286877_A_G
ENSG00000109971	chr11_123063042_C_A
ENSG00000111674	chr12_6886522_A_C
ENSG00000171311	chr10_97445974_A_G
ENSG00000057608	chr10_5813440_G_C
ENSG00000105640	chr19_17866005_T_C
ENSG00000140988	chr16_1964423_C_G
ENSG00000105355	chr19_4867638_T_G
ENSG00000172590	chr14_22829926_G_T
ENSG00000102575	chr19_11579096_G_A
ENSG00000150433	chr11_125102795_T_C
ENSG00000070669	chr7_97866867_G_T
ENSG00000100365	chr22_36863231_C_T
ENSG00000162734	chr1_160236604_G_A
ENSG00000109323	chr4_102753951_G_C
ENSG00000204257	chr6_32968343_C_T
ENSG00000163162	chr2_101260828_T_C
ENSG00000163565	chr1_159009132_T_G
ENSG00000124562	chr6_34785562_T_C
ENSG00000131143	chr16_85801212_G_A
ENSG00000109062	chr17_74748659_G_C
ENSG00000121895	chr4_39033166_G_C
ENSG00000173113	chr11_64317591_G_C
ENSG00000089685	chr17_78208908_G_A
ENSG00000158805	chr16_89760484_T_A
ENSG00000132475	chr17_75779744_G_A
ENSG00000163687	chr3_58202536_G_A
ENSG00000184281	chr11_2400804_T_A
ENSG00000218510	chr1_22025547_G_T
ENSG00000174996	chr11_66236112_G_GGGGTACCCAGT
ENSG00000117616	chr1_25257119_C_G
ENSG00000124532	chr6_24418853_C_T
ENSG00000165637	chr10_75210855_G_C
ENSG00000113558	chr5_134176914_G_T
ENSG00000118503	chr6_137897421_C_T
ENSG00000115446	chr2_98608705_C_T
ENSG00000130770	chr1_28236165_A_G
ENSG00000204463	chr6_31633235_T_C
ENSG00000065809	chr10_14578926_G_C
ENSG00000154889	chr18_11905954_C_T
ENSG00000134910	chr11_125576747_A_G
ENSG00000178921	chr17_8247860_G_A
ENSG00000134248	chr1_110407655_G_A
ENSG00000013573	chr12_31093817_A_T
ENSG00000184009	chr17_81512599_G_A
ENSG00000167552	chr12_49185913_C_G
ENSG00000164305	chr4_184649521_G_C
ENSG00000175575	chr11_73900304_G_C
ENSG00000169136	chr19_49929735_G_A
ENSG00000214078	chr20_35739683_T_TA
ENSG00000164308	chr5_96916728_G_A
ENSG00000108557	chr17_17684081_A_G
ENSG00000118181	chr11_119017909_A_G
ENSG00000087206	chr5_176908230_T_C
ENSG00000213625	chr1_65420528_G_C
ENSG00000265681	chr18_49491828_T_G
ENSG00000137411	chr6_30914426_T_C
ENSG00000141127	chr17_18865557_C_T
ENSG00000160410	chr19_40576636_GC_G
ENSG00000145386	chr4_121823883_C_T
ENSG00000137806	chr15_41402441_G_A
ENSG00000072682	chr5_132228943_C_T
ENSG00000181458	chr3_100494067_A_G
ENSG00000014216	chr11_65179808_A_C
ENSG00000185324	chr16_89686659_GGGCCGTCCGCGTCTGCGCCTGCGCGCAAGAGA_G
ENSG00000205531	chr11_2935717_G_C
ENSG00000169490	chr8_38996464_C_A
ENSG00000143314	chr1_156741025_G_T
ENSG00000132199	chr18_703442_G_A
ENSG00000175221	chr19_893183_C_T
ENSG00000139190	chr12_6455785_C_CAG
ENSG00000198522	chr2_27629051_G_A
ENSG00000143570	chr1_153822520_G_C
ENSG00000176731	chr8_85219234_A_T
ENSG00000205643	chr22_46226991_C_T
ENSG00000013364	chr16_29820486_G_GT
ENSG00000245060	chr5_180829591_A_G
ENSG00000154710	chr7_66497940_G_A
ENSG00000167720	chr17_2304032_G_A
ENSG00000150991	chr12_124914587_C_T
ENSG00000124733	chr6_43013895_C_A
ENSG00000166199	chr11_43881131_G_T
ENSG00000198040	chr12_133120157_G_GAAC
ENSG00000127022	chr5_179695773_C_T
ENSG00000093009	chr22_19504386_G_A
ENSG00000157873	chr1_2556224_C_A
ENSG00000204642	chr6_29834268_C_T
ENSG00000156482	chr8_98045986_ACT_A
ENSG00000176915	chr12_132626613_CCT_C
ENSG00000204792	chr2_74958729_G_T
ENSG00000204438	chr6_31663054_C_G
ENSG00000146574	chr7_6823047_T_C
ENSG00000172732	chr11_65856268_A_G
ENSG00000122986	chr12_110558680_C_T
ENSG00000138686	chr4_121870446_G_C
ENSG00000131051	chr20_35639102_AAC_A
ENSG00000168958	chr2_227342909_G_A
ENSG00000124508	chr6_26383022_A_T
ENSG00000158769	chr1_161021088_C_T
ENSG00000104518	chr8_143497353_C_G
ENSG00000266472	chr1_150417172_AT_A
ENSG00000010803	chr1_41241439_A_G
ENSG00000110172	chr11_90223038_G_A
ENSG00000161981	chr16_53923_C_G
ENSG00000149591	chr11_117205992_T_C
ENSG00000104980	chr19_7948794_A_G
ENSG00000172638	chr11_65873562_G_C
ENSG00000185359	chr17_81682485_G_A
ENSG00000076662	chr19_10339609_G_A
ENSG00000137731	chr11_117829071_G_A
ENSG00000123297	chr12_57786633_G_C
ENSG00000241106	chr6_32829016_G_A
ENSG00000134690	chr1_37692539_C_T
ENSG00000113387	chr5_32531853_G_A
ENSG00000150556	chr2_149077471_T_TAAG
ENSG00000131626	chr11_70369949_CT_C
ENSG00000197728	chr12_56042145_C_G
ENSG00000161513	chr17_74872953_G_A
ENSG00000185745	chr10_89377764_C_T
ENSG00000065268	chr19_990394_T_C
ENSG00000215252	chr15_34634126_G_A
ENSG00000160991	chr7_102344061_G_C
ENSG00000240505	chr17_16939857_A_G
ENSG00000073605	chr17_39892980_T_C
ENSG00000144381	chr2_197435463_T_TA
ENSG00000144741	chr3_66236632_G_A
ENSG00000149273	chr11_75422721_G_A
ENSG00000149231	chr11_96388691_C_T
ENSG00000221983	chr19_18572535_A_G
ENSG00000103326	chr16_536144_T_C
ENSG00000182372	chr8_1763883_C_T
ENSG00000159579	chr16_57171073_C_CA
ENSG00000177182	chr8_61130674_A_G
ENSG00000086504	chr16_377013_G_C
ENSG00000146733	chr7_55852139_CA_C
ENSG00000103365	chr16_23578665_A_G
ENSG00000129204	chr17_5250721_G_A
ENSG00000114850	chr3_156554137_C_T
ENSG00000136718	chr2_130342923_G_A
ENSG00000125944	chr1_23191300_GAA_G
ENSG00000144713	chr3_12840975_G_A
ENSG00000040275	chr5_169516223_C_T
ENSG00000117410	chr1_43975097_G_C
ENSG00000073050	chr19_43573355_G_A
ENSG00000178149	chr3_49069109_T_TA
ENSG00000132341	chr12_130872100_G_A
ENSG00000204644	chr6_29676102_A_G
ENSG00000196756	chr20_38439516_T_A
ENSG00000188313	chr3_146544557_C_T
ENSG00000104490	chr8_101976496_A_G
ENSG00000129657	chr17_77088953_G_A
ENSG00000007129	chr19_41586462_A_T
ENSG00000162971	chr2_200132253_T_C
ENSG00000081665	chr19_19799849_AAGAC_A
ENSG00000114126	chr3_142032963_T_A
ENSG00000094916	chr12_54257687_A_G
ENSG00000269893	chr4_118304785_C_T
ENSG00000109536	chr4_189975518_G_GAAAAAAAA
ENSG00000115762	chr2_131097658_C_T
ENSG00000130348	chr6_106629627_G_A
ENSG00000197043	chr5_151155701_C_T
ENSG00000135390	chr12_53634068_A_AT
ENSG00000105821	chr7_103344764_C_G
ENSG00000176209	chr8_42533957_T_TTCTCCCTC
ENSG00000213246	chr17_58351733_A_G
ENSG00000204475	chr6_31592788_C_T
ENSG00000111452	chr12_131091457_C_T
ENSG00000146112	chr6_30654110_A_ACT
ENSG00000247982	chr15_57302735_A_T
ENSG00000125450	chr17_75223549_G_A
ENSG00000228049	chr7_102480374_T_G
ENSG00000176809	chr17_64921757_T_C
ENSG00000170291	chr17_7231446_CAAA_C
ENSG00000132436	chr7_50417375_T_C
ENSG00000008988	chr8_56091497_C_T
ENSG00000118246	chr2_206877880_C_G
ENSG00000067057	chr10_3105326_G_C
ENSG00000152926	chr7_65072073_CT_C
ENSG00000128563	chr7_102423594_C_T
ENSG00000108523	chr17_4940045_C_G
ENSG00000106355	chr7_32490493_G_C
ENSG00000173226	chr3_121787189_T_TA
ENSG00000186470	chr6_26365358_T_C
ENSG00000113368	chr5_126828044_T_A
ENSG00000234127	chr6_30193428_T_C
ENSG00000023191	chr11_505006_G_C
ENSG00000147684	chr8_124457687_GT_G
ENSG00000162910	chr1_228109044_C_T
ENSG00000134809	chr11_57533539_C_T
ENSG00000196405	chr14_100065147_G_T
ENSG00000149480	chr11_62569731_C_T
ENSG00000108448	chr17_18699163_A_G
ENSG00000242550	chr18_63910299_T_C
ENSG00000198805	chr14_20472447_G_A
ENSG00000115539	chr2_100563496_C_T
ENSG00000164924	chr8_100950496_C_T
ENSG00000143947	chr2_55232359_TC_T
ENSG00000111596	chr12_70243049_G_A
ENSG00000100714	chr14_64388323_T_C
ENSG00000129197	chr17_5419805_C_A
ENSG00000196182	chr1_36362569_T_G
ENSG00000117448	chr1_45503431_CTT_C
ENSG00000204531	chr6_31179856_C_T
ENSG00000189223	chr2_113235767_A_C
ENSG00000110074	chr11_126269205_T_C
ENSG00000204628	chr5_181249324_G_C
ENSG00000105750	chr19_20960206_G_A
ENSG00000122674	chr7_5910095_T_C
ENSG00000010292	chr12_6490816_TG_T
ENSG00000140009	chr14_64278284_C_T
ENSG00000188372	chr7_76387662_A_C
ENSG00000153048	chr16_8860201_C_A
ENSG00000143851	chr1_202160068_T_C
ENSG00000169045	chr5_179633290_CTGTTTGTTTGTT_CTGTTTGTT
ENSG00000164172	chr5_53108482_C_T
ENSG00000150637	chr18_70040053_A_AAAG
ENSG00000070718	chr8_42153821_A_G
ENSG00000049247	chr1_7913283_G_GCCCTGCTCACTTCCTC
ENSG00000166436	chr11_8671858_G_A
ENSG00000213983	chr14_23562756_AAGAG_A
ENSG00000117877	chr19_45404264_C_A
ENSG00000105483	chr19_48242034_C_T
ENSG00000051180	chr15_40695367_G_T
ENSG00000243710	chr1_43171878_A_G
ENSG00000104341	chr8_97780458_A_C
ENSG00000178295	chr2_17753771_T_C
ENSG00000103496	chr16_30993491_T_C
ENSG00000104972	chr19_54618199_T_A
ENSG00000129347	chr19_10566005_T_C
ENSG00000166796	chr11_18412173_C_G
ENSG00000075651	chr3_171782632_T_A
ENSG00000130165	chr19_11559417_G_A
ENSG00000161547	chr17_76737321_G_A
ENSG00000129625	chr5_112925276_G_A
ENSG00000164949	chr8_94262129_T_C
ENSG00000160194	chr21_42811041_TA_TAA
ENSG00000073584	chr17_40648309_A_C
ENSG00000156398	chr10_102727625_C_T
ENSG00000171234	chr4_69059299_C_T
ENSG00000140043	chr14_73972679_TA_T
ENSG00000143183	chr1_165717968_G_A
ENSG00000173457	chr11_64242613_A_G
ENSG00000156931	chr3_184812202_C_G
ENSG00000179750	chr22_38962032_A_C
ENSG00000108107	chr19_55385959_A_G
ENSG00000183011	chr17_7879644_CA_C
ENSG00000134419	chr16_18768126_G_C
ENSG00000165025	chr9_90801885_C_T
ENSG00000080200	chr3_97750298_GT_G
ENSG00000003402	chr2_201037988_T_A
ENSG00000130414	chr2_239955146_C_T
ENSG00000073578	chr5_236645_C_A
ENSG00000165119	chr9_83866958_C_A
ENSG00000106692	chr9_105643816_A_T
ENSG00000197386	chr4_3044446_A_G
ENSG00000052802	chr4_165327908_G_A
ENSG00000112110	chr6_159790007_C_T
ENSG00000255717	chr11_62855742_G_A
ENSG00000068745	chr3_48694528_A_G
ENSG00000085998	chr1_46204534_TC_T
ENSG00000072134	chr17_19287629_G_A
ENSG00000204954	chr12_103957178_G_T
ENSG00000119673	chr14_73610290_C_CT
ENSG00000265241	chr1_145927447_C_T
ENSG00000197860	chr5_65716808_A_C
ENSG00000123600	chr2_171374053_C_T
ENSG00000079974	chr22_50777721_C_A
ENSG00000110665	chr11_2299865_C_A
ENSG00000137154	chr9_19385113_C_G
ENSG00000137171	chr6_42952174_G_T
ENSG00000105701	chr19_18543175_C_T
ENSG00000198604	chr14_34887780_A_G
ENSG00000172890	chr11_71471133_G_A
ENSG00000178623	chr2_240632441_A_G
ENSG00000277149	chr7_72766017_C_T
ENSG00000117748	chr1_27914572_G_A
ENSG00000100099	chr22_26529534_A_G
ENSG00000164733	chr8_11847630_C_T
ENSG00000168653	chr1_39030407_GA_G
ENSG00000112305	chr6_70731549_C_T
ENSG00000133466	chr22_37215180_C_T
ENSG00000153130	chr4_140431788_G_A
ENSG00000159210	chr17_48888124_C_CA
ENSG00000281641	chr8_118626538_T_C
ENSG00000172671	chr10_45699598_C_T
ENSG00000048162	chr5_176388873_T_C
ENSG00000145833	chr5_134850683_G_T
ENSG00000160216	chr21_43924253_C_T
ENSG00000263753	chr18_5282443_C_T
ENSG00000134014	chr8_28079932_T_TTTTG
ENSG00000186153	chr16_78278600_C_A
ENSG00000185215	chr14_103124435_G_A
ENSG00000166986	chr12_57476680_AG_A
ENSG00000146094	chr5_177510338_A_T
ENSG00000169251	chr3_161052535_A_G
ENSG00000163872	chr3_183804443_A_G
ENSG00000166401	chr18_63964098_G_C
ENSG00000177576	chr18_49487209_G_A
ENSG00000184110	chr16_28691761_C_T
ENSG00000129673	chr17_76482816_C_T
ENSG00000132676	chr1_155688294_T_C
ENSG00000110060	chr11_125886663_A_G
ENSG00000196498	chr12_124495243_T_G
ENSG00000104731	chr16_87730661_A_T
ENSG00000111669	chr12_6867521_G_A
ENSG00000131748	chr17_39653965_C_G
ENSG00000110717	chr11_68021094_T_G
ENSG00000112992	chr5_43602611_T_C
ENSG00000182551	chr2_3499138_A_ACTT
ENSG00000178802	chr15_74933408_CA_C
ENSG00000160856	chr1_157700500_C_G
ENSG00000182986	chr19_52897507_C_A
ENSG00000100151	chr22_38055546_A_G
ENSG00000231389	chr6_33078189_G_A
ENSG00000149054	chr11_6921245_C_A
ENSG00000168646	chr17_65564173_AAAATC_A
ENSG00000050130	chr14_59468626_G_A
ENSG00000100106	chr22_37704410_A_T
ENSG00000162086	chr16_3311639_T_A
ENSG00000104921	chr19_7699550_G_T
ENSG00000158089	chr2_31123732_C_T
ENSG00000113643	chr5_168509418_A_G
ENSG00000110700	chr11_17077666_G_A
ENSG00000075239	chr11_108121585_C_G
ENSG00000111335	chr12_112974001_G_A
ENSG00000198722	chr9_35158987_G_A
ENSG00000107643	chr10_48446152_A_G
ENSG00000154473	chr10_123170247_T_C
ENSG00000104983	chr19_45997477_A_G
ENSG00000145425	chr4_151099625_C_T
ENSG00000124570	chr6_2937384_C_CTGTG
ENSG00000256053	chr14_103525759_C_G
ENSG00000168310	chr4_184475241_G_A
ENSG00000139370	chr12_128809707_G_C
ENSG00000169499	chr8_38902074_G_C
ENSG00000111640	chr12_6534825_C_G
ENSG00000131323	chr14_102777119_G_GGCGGGGAC
ENSG00000162620	chr1_74010637_C_A
ENSG00000186132	chr2_119346198_A_G
ENSG00000154760	chr17_35445639_G_T
ENSG00000266173	chr17_63887297_T_C
ENSG00000163040	chr2_131517823_T_C
ENSG00000153107	chr2_111840263_C_T
ENSG00000100242	chr22_38806991_C_T
ENSG00000163389	chr3_119502456_C_T
ENSG00000060762	chr6_166364175_C_CAAAAA
ENSG00000060491	chr20_62804242_G_C
ENSG00000072609	chr12_132940238_A_G
ENSG00000100575	chr14_58476693_G_T
ENSG00000204428	chr6_31661245_T_TTTGAC
ENSG00000093000	chr22_45163890_C_A
ENSG00000134864	chr13_100537450_C_T
ENSG00000139192	chr12_6453119_C_T
ENSG00000142330	chr2_240600693_A_G
ENSG00000111863	chr6_11731766_T_TA
ENSG00000157014	chr3_10259616_A_G
ENSG00000156508	chr6_73507715_C_A
ENSG00000089157	chr12_120180991_C_CA
ENSG00000130921	chr12_123284378_G_GTTTGT
ENSG00000110958	chr12_56688274_G_A
ENSG00000107798	chr10_89427085_A_G
ENSG00000010270	chr7_38226147_A_T
ENSG00000106052	chr7_27662771_C_A
ENSG00000144134	chr2_113638595_C_T
ENSG00000187608	chr1_1005808_G_A
ENSG00000163686	chr3_58335257_G_A
ENSG00000167671	chr19_4366222_A_G
ENSG00000108465	chr17_47969414_G_T
ENSG00000095539	chr10_100975021_C_G
ENSG00000154305	chr1_222686148_G_A
ENSG00000157326	chr14_23991925_G_A
ENSG00000177106	chr11_707025_G_A
ENSG00000108953	chr17_1411599_T_G
ENSG00000106605	chr7_43638224_AT_TT
ENSG00000120725	chr5_139123013_ATAGT_A
ENSG00000112655	chr6_43272207_C_T
ENSG00000149428	chr11_119057196_C_G
ENSG00000060642	chr1_26797373_G_A
ENSG00000163161	chr2_127255928_C_T
ENSG00000106484	chr7_130294379_T_C
ENSG00000132780	chr1_45584332_TTCGG_T
ENSG00000213782	chr12_12780684_G_A
ENSG00000138326	chr10_78033793_A_G
ENSG00000198721	chr6_4135894_C_CG
ENSG00000183087	chr13_113824878_C_G
ENSG00000204673	chr19_49899562_G_T
ENSG00000111481	chr12_54340505_A_G
ENSG00000088986	chr12_120501837_A_G
ENSG00000206344	chr6_31192820_TTATTTA_T
ENSG00000077549	chr1_19485158_C_A
ENSG00000183255	chr21_44867640_T_C
ENSG00000139278	chr12_75483524_A_G
ENSG00000128928	chr15_40429740_A_G
ENSG00000198920	chr17_6654816_A_C
ENSG00000081377	chr9_96494979_T_C
ENSG00000140386	chr15_76905404_C_A
ENSG00000184719	chr10_88619453_C_CCACACACACACACA
ENSG00000055070	chr1_16352580_A_G
ENSG00000107404	chr1_1351517_G_C
ENSG00000204264	chr6_32845024_G_A
ENSG00000136875	chr9_113297941_C_T
ENSG00000134121	chr3_252675_A_C
ENSG00000113648	chr5_135399934_A_G
ENSG00000088038	chr19_54157821_G_A
ENSG00000117640	chr1_25916957_C_G
ENSG00000156603	chr11_57773648_T_A
ENSG00000143554	chr1_153740315_G_A
ENSG00000134899	chr13_102830274_C_T
ENSG00000213024	chr19_49929735_G_A
ENSG00000103510	chr16_31142825_G_A
ENSG00000159111	chr17_47811456_T_C
ENSG00000137413	chr6_42050902_T_G
ENSG00000170917	chr4_122914501_C_A
ENSG00000179361	chr15_74498201_G_A
ENSG00000070831	chr1_22135134_G_A
ENSG00000054967	chr11_73392575_G_A
ENSG00000126746	chr12_6689466_A_C
ENSG00000130640	chr10_133247368_T_C
ENSG00000136878	chr9_129898847_G_A
ENSG00000196655	chr11_119018660_C_G
ENSG00000142396	chr19_58306093_A_G
ENSG00000134330	chr2_9515479_G_A
ENSG00000134574	chr11_47196332_A_C
ENSG00000169926	chr15_31368596_G_T
ENSG00000159496	chr22_23659650_T_G
ENSG00000072778	chr17_7219305_G_A
ENSG00000262454	chr16_14300094_A_G
ENSG00000172819	chr12_53231170_C_G
ENSG00000142002	chr19_4717175_G_A
ENSG00000198826	chr15_32647989_A_T
ENSG00000084070	chr1_40391858_A_C
ENSG00000119698	chr14_94342327_G_A
ENSG00000100298	chr22_39097246_T_A
ENSG00000175220	chr11_46753122_C_T
ENSG00000042088	chr14_89936026_A_C
ENSG00000228789	chr6_31053548_T_C
ENSG00000147439	chr8_22669096_G_A
ENSG00000170802	chr2_48346756_G_C
ENSG00000169567	chr5_131206919_C_T
ENSG00000243716	chr16_22427309_C_T
ENSG00000122515	chr7_44898806_AT_A
ENSG00000116044	chr2_177392663_G_A
ENSG00000113621	chr5_134874309_A_G
ENSG00000180198	chr1_28503646_T_A
ENSG00000126247	chr19_36140684_CAT_C
ENSG00000171132	chr2_45849899_C_T
ENSG00000104979	chr19_13777249_CT_C
ENSG00000062598	chr20_46426422_G_T
ENSG00000110768	chr11_18350438_TA_T
ENSG00000174282	chr17_7506266_CATAA_C
ENSG00000157216	chr1_54413998_A_C
ENSG00000126777	chr14_55612021_T_G
ENSG00000168374	chr3_57716746_C_G
ENSG00000130779	chr12_122319709_T_C
ENSG00000165209	chr9_123236838_G_A
ENSG00000130653	chr9_137461922_C_A
ENSG00000197943	chr16_81739398_G_A
ENSG00000087087	chr7_100875204_C_T
ENSG00000205181	chr20_5508782_G_A
ENSG00000166337	chr11_6614875_T_A
ENSG00000103150	chr16_83907425_A_G
ENSG00000153060	chr16_10708136_G_A
ENSG00000042493	chr2_85416026_C_T
ENSG00000143811	chr1_225924245_T_C
ENSG00000129187	chr4_182944483_T_A
ENSG00000113946	chr3_190236040_C_G
ENSG00000167840	chr17_5097732_T_C
ENSG00000110871	chr12_120521072_T_G
ENSG00000008517	chr16_3065627_A_C
ENSG00000125611	chr2_112549250_A_G
ENSG00000213672	chr3_48702450_T_C
ENSG00000163714	chr3_142991950_T_C
ENSG00000113312	chr5_160009597_C_CATAA
ENSG00000134504	chr18_26559729_G_A
ENSG00000176393	chr1_201980760_C_T
ENSG00000100325	chr22_29824201_G_A
ENSG00000108771	chr17_42112643_C_G
ENSG00000104763	chr8_18067340_C_T
ENSG00000137310	chr6_31149918_G_A
ENSG00000166704	chr19_58016935_A_G
ENSG00000145358	chr4_100165388_C_T
ENSG00000161265	chr19_35742569_G_A
ENSG00000165233	chr9_93100259_G_A
ENSG00000204859	chr1_6580056_A_G
ENSG00000139180	chr12_4669921_A_G
ENSG00000065457	chr16_75570027_T_G
ENSG00000186468	chr5_82297274_G_A
ENSG00000075415	chr12_98593667_G_A
ENSG00000141971	chr19_17394820_T_C
ENSG00000142227	chr19_48325971_T_C
ENSG00000093010	chr22_19960814_T_C
ENSG00000166004	chr11_93661217_G_T
ENSG00000136541	chr2_157168140_T_C
ENSG00000053900	chr4_25406039_A_G
ENSG00000022976	chr14_102308613_A_T
ENSG00000198818	chr6_166344168_T_A
ENSG00000278195	chr22_37184098_T_C
ENSG00000160310	chr21_46675804_A_G
ENSG00000163938	chr3_52550415_T_TCTC
ENSG00000144115	chr2_88122600_C_T
ENSG00000185627	chr11_214169_T_C
ENSG00000106263	chr7_2386650_T_G
ENSG00000135945	chr2_99367431_C_CT
ENSG00000121797	chr3_46218339_CA_C
ENSG00000131149	chr16_85220616_CCTGCCCGCTG_C
ENSG00000123607	chr2_165861867_T_C
ENSG00000149084	chr11_43680234_C_T
ENSG00000172113	chr3_48291956_G_A
ENSG00000083838	chr19_58405899_T_C
ENSG00000090661	chr19_8241796_C_T
ENSG00000182919	chr11_93743600_G_A
ENSG00000049245	chr1_7822258_AT_A
ENSG00000134440	chr18_57621948_A_G
ENSG00000129562	chr14_22589178_G_A
ENSG00000100416	chr22_46335894_G_A
ENSG00000005194	chr16_57474444_T_TA
ENSG00000171121	chr3_179209002_A_ATATATATT
ENSG00000133574	chr7_150551991_A_G
ENSG00000197134	chr19_21989082_TTTC_T
ENSG00000086475	chr10_13341212_C_T
ENSG00000250571	chr8_143273851_GGGTGGCACAGCACTGAGGGGGCAGGTGAGGCACCAA_G
ENSG00000133056	chr1_204490658_T_C
ENSG00000131370	chr3_15359078_A_T
ENSG00000188191	chr7_812886_A_ACT
ENSG00000056558	chr9_120887653_G_C
ENSG00000176024	chr19_51927486_T_G
ENSG00000118640	chr2_85586580_AAAAC_AAAACAAAC
ENSG00000043462	chr5_170297763_G_C
ENSG00000203880	chr20_64235929_C_T
ENSG00000171649	chr19_57771300_GAA_G
ENSG00000140553	chr15_90935824_T_C
ENSG00000137106	chr9_37422524_CA_C
ENSG00000188312	chr9_92521605_A_G
ENSG00000124721	chr6_38764242_T_G
ENSG00000113141	chr5_140649375_A_AT
ENSG00000110987	chr12_122004538_G_A
ENSG00000145979	chr6_13341195_C_T
ENSG00000170892	chr19_54191312_C_T
ENSG00000189042	chr19_36728679_C_T
ENSG00000133460	chr22_23857127_G_T
ENSG00000270164	chr19_41540624_C_T
ENSG00000135317	chr6_85584065_A_G
ENSG00000122299	chr16_11789517_G_A
ENSG00000168439	chr11_64145264_A_G
ENSG00000168824	chr4_4348438_G_A
ENSG00000185088	chr15_63157578_G_A
ENSG00000174989	chr12_116902030_C_A
ENSG00000119650	chr14_75902201_T_C
ENSG00000183309	chr8_143662144_C_T
ENSG00000144028	chr2_96442700_C_T
ENSG00000065882	chr4_37882218_G_A
ENSG00000115866	chr2_135946844_C_G
ENSG00000105372	chr19_41788243_A_G
ENSG00000100311	chr22_39240925_A_G
ENSG00000006282	chr17_50548182_G_A
ENSG00000148429	chr10_11624985_C_CA
ENSG00000184227	chr14_73563814_T_A
ENSG00000063241	chr19_55455604_C_T
ENSG00000100764	chr14_90261284_T_C
ENSG00000204084	chr1_38078459_C_G
ENSG00000089006	chr20_17969902_A_T
ENSG00000093167	chr3_37215751_A_G
ENSG00000125630	chr2_112539230_T_A
ENSG00000156469	chr8_96246491_C_T
ENSG00000105520	chr19_11210479_C_T
ENSG00000158987	chr5_131561116_T_TA
ENSG00000178150	chr19_48358997_A_C
ENSG00000127507	chr19_14775061_G_A
ENSG00000152689	chr2_33476823_T_C
ENSG00000125910	chr19_3176077_C_CA
ENSG00000100823	chr14_20455257_C_T
ENSG00000136631	chr1_150117796_C_T
ENSG00000162244	chr3_52023202_T_G
ENSG00000029534	chr8_41711931_CT_C
ENSG00000155957	chr12_66180394_G_A
ENSG00000167272	chr12_120485089_T_C
ENSG00000089127	chr12_112923638_G_A
ENSG00000170322	chr11_129895558_A_G
ENSG00000151687	chr2_189805813_T_TA
ENSG00000138674	chr4_82906136_C_CA
ENSG00000163728	chr3_180518937_C_G
ENSG00000115084	chr2_113756324_C_T
ENSG00000109920	chr11_47791158_CT_C
ENSG00000196954	chr11_104968918_C_G
ENSG00000197345	chr11_68869168_A_AAG
ENSG00000196284	chr6_45428052_A_C
ENSG00000226686	chr19_37364586_A_G
ENSG00000108786	chr17_42689888_A_G
ENSG00000139746	chr13_79438782_CT_C
ENSG00000234608	chr12_111741667_T_C
ENSG00000112972	chr5_43316412_C_T
ENSG00000090520	chr3_186630225_G_T
ENSG00000214922	chr6_29764079_G_C
ENSG00000100376	chr22_45330464_A_G
ENSG00000109390	chr4_139301326_T_C
ENSG00000164751	chr8_77073100_A_G
ENSG00000013374	chr7_151341872_T_C
ENSG00000165996	chr10_17791194_T_C
ENSG00000259673	chr15_67612231_T_A
ENSG00000105321	chr19_47265985_T_C
ENSG00000198216	chr1_181426751_G_A
ENSG00000135624	chr2_73190814_GGGAAGGAAGGAA_G
ENSG00000197747	chr1_151933722_CT_C
ENSG00000025293	chr20_35619975_C_T
ENSG00000105287	chr19_46790751_G_A
ENSG00000137831	chr15_70805942_C_G
ENSG00000116922	chr1_37705035_G_A
ENSG00000137337	chr6_30674699_C_T
ENSG00000118680	chr18_3262786_C_T
ENSG00000249471	chr19_58486960_A_G
ENSG00000152894	chr6_128443085_C_CA
ENSG00000204147	chr10_50748261_T_G
ENSG00000137251	chr6_54494721_A_T
ENSG00000099937	chr22_20799886_C_T
ENSG00000185507	chr11_616031_T_C
ENSG00000184635	chr19_19947620_T_C
ENSG00000184014	chr11_9115069_T_C
ENSG00000163374	chr1_155587180_G_A
ENSG00000175224	chr11_46580054_C_T
ENSG00000160695	chr11_119038114_C_CA
ENSG00000272391	chr7_75415185_G_A
ENSG00000088833	chr20_1467930_A_G
ENSG00000164941	chr8_94874997_G_C
ENSG00000152904	chr1_235268370_TAC_TACAC
ENSG00000233791	chr1_203304849_C_T
ENSG00000176142	chr3_119463412_G_A
ENSG00000184470	chr22_19892114_A_G
ENSG00000125912	chr19_3185565_C_T
ENSG00000092199	chr14_21340930_CA_CAA
ENSG00000112167	chr6_39097748_T_A
ENSG00000091651	chr16_46614446_G_A
ENSG00000168411	chr16_74643699_G_A
ENSG00000155366	chr1_112701811_T_C
ENSG00000129103	chr7_55879541_A_G
ENSG00000163156	chr1_151081454_C_T
ENSG00000117682	chr1_26491334_G_A
ENSG00000104774	chr19_12661009_A_G
ENSG00000137103	chr9_35830655_G_GT
ENSG00000166169	chr10_101607499_T_C
ENSG00000100379	chr22_37142288_T_C
ENSG00000138111	chr10_102468392_G_A
ENSG00000169715	chr16_56625613_C_G
ENSG00000157020	chr3_10320608_T_C
ENSG00000164654	chr7_7496551_CT_C
ENSG00000146215	chr6_43346181_CAAA_C
ENSG00000214063	chr11_838842_C_G
ENSG00000138785	chr4_105743032_C_T
ENSG00000104946	chr19_49924374_C_T
ENSG00000187607	chr17_15687236_C_A
ENSG00000166441	chr11_8683164_A_C
ENSG00000107104	chr9_593451_TC_T
ENSG00000170919	chr13_45419114_A_G
ENSG00000103550	chr16_19798423_T_A
ENSG00000106628	chr7_44122756_T_C
ENSG00000085788	chr8_38194859_T_G
ENSG00000073969	chr17_46496507_T_G
ENSG00000091947	chr17_44023836_T_TCA
ENSG00000118292	chr1_150240893_G_A
ENSG00000108798	chr17_49206453_C_T
ENSG00000178202	chr11_108498446_G_A
ENSG00000161551	chr19_51904033_C_A
ENSG00000103202	chr16_398561_A_T
ENSG00000183570	chr21_45664210_CAGAATAATAATAATATA_C
ENSG00000164754	chr8_116842753_C_G
ENSG00000141012	chr16_88846491_G_T
ENSG00000164414	chr6_87447951_T_TTTATTATTATTATTATTA
ENSG00000100142	chr22_38020071_G_A
ENSG00000163913	chr3_129436608_C_T
ENSG00000124762	chr6_36677919_A_G
ENSG00000239713	chr22_39099665_C_T
ENSG00000197885	chr3_23946351_A_G
ENSG00000157017	chr3_10177883_C_A
ENSG00000177951	chr11_206421_T_G
ENSG00000169813	chr10_43534615_T_C
ENSG00000167842	chr17_5492227_C_CAA
ENSG00000167562	chr19_52580380_G_A
ENSG00000231721	chr7_130956308_G_A
ENSG00000108774	chr17_42331155_C_T
ENSG00000106009	chr7_2554704_C_T
ENSG00000197872	chr2_16593718_GT_G
ENSG00000100911	chr14_24146226_T_C
ENSG00000111731	chr12_22571412_C_CT
ENSG00000162623	chr1_74733975_CT_C
ENSG00000009790	chr1_209734755_G_A
ENSG00000019582	chr5_150414087_G_A
ENSG00000070814	chr5_150259450_G_A
ENSG00000163319	chr4_83321672_A_G
ENSG00000179528	chr2_74476104_G_C
ENSG00000177694	chr3_174636845_G_A
ENSG00000135778	chr1_232797666_T_C
ENSG00000131944	chr19_32972322_C_T
ENSG00000100239	chr22_50335115_A_G
ENSG00000100983	chr20_34996486_C_T
ENSG00000204574	chr6_30488373_A_G
ENSG00000163875	chr1_37473516_A_G
ENSG00000112149	chr6_14220492_T_C
ENSG00000166128	chr15_63281543_A_C
ENSG00000197563	chr18_62189256_T_C
ENSG00000010295	chr12_6425783_G_C
ENSG00000197020	chr19_21767535_G_C
ENSG00000170502	chr4_87440564_C_T
ENSG00000109572	chr4_169431526_T_TAG
ENSG00000120805	chr12_101341094_G_C
ENSG00000142224	chr1_206842780_C_G
ENSG00000105518	chr19_11345699_C_T
ENSG00000189091	chr16_70584387_T_C
ENSG00000129925	chr16_385663_C_T
ENSG00000155368	chr2_119392209_G_C
ENSG00000213889	chr19_45492798_G_A
ENSG00000145916	chr5_178078181_A_G
ENSG00000050327	chr7_144172128_T_A
ENSG00000111348	chr12_14947365_T_C
ENSG00000197930	chr14_52648185_AT_A
ENSG00000134265	chr18_10526190_A_G
ENSG00000112799	chr6_6578694_G_A
ENSG00000136933	chr9_125046341_A_G
ENSG00000147789	chr8_144972750_C_T
ENSG00000096264	chr6_41388021_C_G
ENSG00000030419	chr2_213152393_G_A
ENSG00000105438	chr19_48459988_C_A
ENSG00000228784	chr2_19869306_G_A
ENSG00000213977	chr17_3668569_G_A
ENSG00000125637	chr2_113100610_G_A
ENSG00000234284	chr5_179020848_G_A
ENSG00000181038	chr17_76599498_T_G
ENSG00000177646	chr3_128900514_C_T
ENSG00000166068	chr15_38357998_CTT_C
ENSG00000163947	chr3_57057547_G_A
ENSG00000168297	chr3_58224227_A_G
ENSG00000134108	chr3_4939131_G_C
ENSG00000011376	chr3_45559726_T_C
ENSG00000188167	chr3_33021095_GA_G
ENSG00000172071	chr2_88541243_T_C
ENSG00000158985	chr5_131165058_A_C
ENSG00000143702	chr1_243332684_C_T
ENSG00000132329	chr2_237888057_G_C
ENSG00000153879	chr19_33374012_C_G
ENSG00000160145	chr3_124235508_C_T
ENSG00000146083	chr5_176709392_T_TTTTC
ENSG00000125458	chr17_75115516_T_A
ENSG00000058866	chr3_186473837_A_C
ENSG00000182512	chr14_95536371_A_G
ENSG00000186469	chr14_51748333_A_G
ENSG00000104883	chr19_7488135_C_T
ENSG00000135363	chr11_33900971_C_T
ENSG00000183207	chr19_49001201_G_A
ENSG00000137713	chr11_111671964_G_A
ENSG00000116977	chr1_236530932_G_A
ENSG00000049860	chr5_74486405_T_C
ENSG00000138028	chr2_27092384_G_A
ENSG00000144792	chr3_44750548_C_T
ENSG00000185787	chr15_79007936_C_T
ENSG00000110011	chr11_64199027_G_A
ENSG00000188033	chr19_12573144_G_A
ENSG00000148840	chr10_102055298_AAAAT_A
ENSG00000130755	chr19_39341386_A_AC
ENSG00000167554	chr19_52368297_ATCT_A
ENSG00000012048	chr17_43021069_G_A
ENSG00000108559	chr17_5423933_A_ATT
ENSG00000171045	chr8_142391105_C_CTG
ENSG00000174428	chr7_74908852_T_A
ENSG00000135452	chr12_57745085_T_C
ENSG00000145685	chr5_78570590_C_T
ENSG00000126432	chr11_64315351_T_C
ENSG00000106397	chr7_101205631_A_G
ENSG00000134243	chr1_109422132_C_T
ENSG00000132424	chr6_99455118_C_A
ENSG00000175482	chr11_67556717_TTTTTG_T
ENSG00000188672	chr1_25523451_C_T
ENSG00000188157	chr1_1054120_G_A
ENSG00000257218	chr12_120476309_G_GT
ENSG00000166136	chr10_100540161_CT_C
ENSG00000135245	chr7_128619701_G_A
ENSG00000162144	chr11_61554406_C_T
ENSG00000125744	chr19_45497835_T_C
ENSG00000100644	chr14_61673444_G_A
ENSG00000197122	chr20_37344696_G_A
ENSG00000164081	chr3_51777928_A_G
ENSG00000130684	chr20_25856855_G_T
ENSG00000099341	chr19_38338124_A_C
ENSG00000109929	chr11_121180813_CT_C
ENSG00000080819	chr3_98635750_GTT_GT
ENSG00000181029	chr19_7679991_T_A
ENSG00000163527	chr3_31414859_G_A
ENSG00000119321	chr9_113215598_ATGTGTG_A
ENSG00000168283	chr10_22406349_G_A
ENSG00000196313	chr7_72852457_G_A
ENSG00000146007	chr5_140542693_CA_C
ENSG00000137710	chr11_110458142_T_C
